[
  {"filter":["==", ["get", "class"], "crop"], "layer":"landcover"},
  {"filter":["==", ["get", "class"], "grass"], "layer":"landcover"},
  {"filter":["==", ["get", "class"], "scrub"], "layer":"landcover"},
  {"filter":["==", ["get", "class"], "wood"], "layer":"landcover"},
  {"filter":["==", ["get", "class"], "snow"], "layer":"landcover"},
  {"filter":["==", ["get", "class"], "hospital"], "layer":"landuse"},
  {"filter":["==", ["get", "class"], "school"], "layer":"landuse"},
  {"filter":["==", ["get", "class"], "park"], "layer":"landuse"},
  {"filter":["==", ["get", "class"], "pitch"], "layer":"landuse"},
  {"filter":["==", ["get", "class"], "pitch"], "layer":"landuse"},
  {"filter":["==", ["get", "class"], "cemetery"], "layer":"landuse"},
  {"filter":["==", ["get", "class"], "industrial"], "layer":"landuse"},
  {"filter":["==", ["get", "class"], "sand"], "layer":"landuse"},
  {"filter":["==", ["get", "level"], 94], "layer":"hillshade"},
  {"filter":["==", ["get", "level"], 90], "layer":"hillshade"},
  {"filter":["==", ["get", "level"], 89], "layer":"hillshade"},
  {"filter":["==", ["get", "level"], 78], "layer":"hillshade"},
  {"filter":["==", ["get", "level"], 67], "layer":"hillshade"},
  {"filter":["==", ["get", "level"], 56], "layer":"hillshade"},
  {
    "filter":[
      "all",
      ["match", ["get", "class"], ["river", "canal"], true, false]
    ],
    "layer":"waterway"
  },
  {
    "filter":[
      "all",
      ["==", ["get", "class"], "land"],
      ["==", ["geometry-type"], "Polygon"]
    ],
    "layer":"barrier_line"
  },
  {
    "filter":[
      "all",
      ["==", ["get", "class"], "land"],
      ["==", ["geometry-type"], "LineString"]
    ],
    "layer":"barrier_line"
  },
  {
    "filter":[
      "all",
      ["==", ["get", "type"], "apron"],
      ["==", ["geometry-type"], "Polygon"]
    ],
    "layer":"aeroway"
  },
  {
    "filter":[
      "all",
      ["==", ["get", "class"], "street_limited"],
      ["==", ["geometry-type"], "Polygon"]
    ],
    "layer":"tunnel"
  },
  {"filter":["==", ["get", "class"], "path"], "layer":"tunnel"},
  {
    "filter":[
      "all",
      ["==", ["get", "class"], "street"],
      ["==", ["geometry-type"], "LineString"]
    ],
    "layer":"tunnel"
  },
  {
    "filter":[
      "all",
      ["==", ["get", "class"], "street_limited"],
      ["==", ["geometry-type"], "LineString"]
    ],
    "layer":"tunnel"
  },
  {"filter":["==", ["get", "class"], "motorway_link"], "layer":"tunnel"},
  {
    "filter":["match", ["get", "class"], ["service", "driveway"], true, false],
    "layer":"tunnel"
  },
  {
    "filter":[
      "all",
      ["==", ["get", "class"], "street_limited"],
      ["!=", ["get", "type"], "construction"],
      ["==", ["geometry-type"], "LineString"]
    ],
    "layer":"tunnel"
  },
  {"filter":["==", ["get", "class"], "street"], "layer":"tunnel"},
  {
    "filter":[
      "all",
      ["==", ["get", "class"], "main"],
      ["!=", ["get", "type"], "trunk"]
    ],
    "layer":"tunnel"
  },
  {
    "filter":[
      "all",
      ["==", ["get", "class"], "main"],
      ["==", ["get", "type"], "trunk"]
    ],
    "layer":"tunnel"
  },
  {"filter":["==", ["get", "class"], "motorway"], "layer":"tunnel"},
  {
    "filter":[
      "all",
      ["==", ["get", "class"], "street_limited"],
      ["==", ["get", "type"], "construction"],
      ["==", ["geometry-type"], "LineString"]
    ],
    "layer":"tunnel"
  },
  {
    "filter":[
      "all",
      ["==", ["get", "oneway"], 1],
      [
        "match",
        ["get", "class"],
        ["main", "street", "street_limited"],
        true,
        false
      ],
      ["!=", ["get", "type"], "trunk"]
    ],
    "layer":"tunnel"
  },
  {
    "filter":[
      "all",
      ["==", ["get", "oneway"], 1],
      ["==", ["get", "type"], "trunk"]
    ],
    "layer":"tunnel"
  },
  {
    "filter":[
      "match",
      ["get", "class"],
      ["major_rail", "minor_rail"],
      true,
      false
    ],
    "layer":"tunnel"
  },
  {
    "filter":[
      "all",
      ["==", ["get", "oneway"], 1],
      ["match", ["get", "class"], ["motorway", "motorway_link"], true, false]
    ],
    "layer":"tunnel"
  },
  {"filter":["==", ["get", "class"], "path"], "layer":"road"},
  {
    "filter":[
      "all",
      ["==", ["get", "class"], "street"],
      ["==", ["geometry-type"], "LineString"]
    ],
    "layer":"road"
  },
  {
    "filter":[
      "all",
      ["==", ["get", "class"], "street_limited"],
      ["==", ["geometry-type"], "LineString"]
    ],
    "layer":"road"
  },
  {
    "filter":["match", ["get", "class"], ["service", "driveway"], true, false],
    "layer":"road"
  },
  {
    "filter":[
      "all",
      ["==", ["get", "class"], "street_limited"],
      ["!=", ["get", "type"], "construction"],
      ["==", ["geometry-type"], "LineString"]
    ],
    "layer":"road"
  },
  {"filter":["==", ["get", "class"], "street"], "layer":"road"},
  {
    "filter":[
      "all",
      ["==", ["get", "class"], "main"],
      ["==", ["get", "type"], "trunk"]
    ],
    "layer":"road"
  },
  {"filter":["==", ["get", "class"], "motorway"], "layer":"road"},
  {
    "filter":[
      "all",
      ["==", ["get", "oneway"], 1],
      [
        "match",
        ["get", "class"],
        ["main", "street", "street_limited"],
        true,
        false
      ],
      ["!=", ["get", "type"], "trunk"]
    ],
    "layer":"road"
  },
  {
    "filter":[
      "all",
      ["==", ["get", "oneway"], 1],
      ["==", ["get", "type"], "trunk"]
    ],
    "layer":"road"
  },
  {
    "filter":[
      "match",
      ["get", "class"],
      ["major_rail", "minor_rail"],
      true,
      false
    ],
    "layer":"road"
  },
  {
    "filter":[
      "all",
      ["==", ["get", "class"], "street_limited"],
      ["==", ["get", "type"], "construction"],
      ["==", ["geometry-type"], "LineString"]
    ],
    "layer":"road"
  },
  {
    "filter":[
      "all",
      ["==", ["get", "oneway"], 1],
      ["match", ["get", "class"], ["motorway", "motorway_link"], true, false]
    ],
    "layer":"road"
  },
  {
    "filter":[
      "all",
      ["==", ["get", "class"], "street_limited"],
      ["==", ["geometry-type"], "Polygon"]
    ],
    "layer":"bridge"
  },
  {"filter":["==", ["get", "class"], "path"], "layer":"bridge"},
  {
    "filter":[
      "all",
      ["==", ["get", "class"], "street"],
      ["==", ["geometry-type"], "LineString"]
    ],
    "layer":"bridge"
  },
  {
    "filter":[
      "all",
      ["==", ["get", "class"], "street_limited"],
      ["==", ["geometry-type"], "LineString"]
    ],
    "layer":"bridge"
  },
  {"filter":["==", ["get", "class"], "motorway_link"], "layer":"bridge"},
  {
    "filter":["match", ["get", "class"], ["service", "driveway"], true, false],
    "layer":"bridge"
  },
  {
    "filter":[
      "all",
      ["==", ["get", "class"], "street_limited"],
      ["!=", ["get", "type"], "construction"],
      ["==", ["geometry-type"], "LineString"]
    ],
    "layer":"bridge"
  },
  {"filter":["==", ["get", "class"], "street"], "layer":"bridge"},
  {
    "filter":[
      "all",
      ["==", ["get", "oneway"], 1],
      [
        "match",
        ["get", "class"],
        ["main", "street", "street_limited"],
        true,
        false
      ],
      ["!=", ["get", "type"], "trunk"]
    ],
    "layer":"bridge"
  },
  {
    "filter":[
      "any",
      ["==", ["get", "class"], "motorway"],
      ["==", ["get", "type"], "trunk"]
    ],
    "layer":"bridge"
  },
  {
    "filter":["match", ["get", "class"], ["service", "driveway"], true, false],
    "layer":"bridge"
  },
  {
    "filter":[
      "all",
      ["==", ["get", "class"], "street_limited"],
      ["==", ["get", "type"], "construction"],
      ["==", ["geometry-type"], "LineString"]
    ],
    "layer":"bridge"
  },
  {
    "filter":[
      "all",
      ["==", ["get", "class"], "street_limited"],
      ["!=", ["get", "type"], "construction"],
      ["==", ["geometry-type"], "LineString"]
    ],
    "layer":"bridge"
  },
  {"filter":["==", ["get", "class"], "street"], "layer":"bridge"},
  {
    "filter":[
      "all",
      ["==", ["get", "class"], "main"],
      ["!=", ["get", "type"], "trunk"]
    ],
    "layer":"bridge"
  },
  {
    "filter":[
      "all",
      ["==", ["get", "class"], "main"],
      ["==", ["get", "type"], "trunk"]
    ],
    "layer":"bridge"
  },
  {
    "filter":[
      "all",
      ["==", ["get", "oneway"], 1],
      ["==", ["get", "type"], "trunk"]
    ],
    "layer":"bridge"
  },
  {"filter":["==", ["get", "class"], "motorway"], "layer":"bridge"},
  {
    "filter":[
      "match",
      ["get", "class"],
      ["major_rail", "minor_rail"],
      true,
      false
    ],
    "layer":"bridge"
  },
  {"filter":["==", ["get", "class"], "aerialway"], "layer":"bridge"},
  {
    "filter":[
      "all",
      ["==", ["get", "oneway"], 1],
      ["match", ["get", "class"], ["motorway", "motorway_link"], true, false]
    ],
    "layer":"bridge"
  },
  {"filter":["==", ["get", "class"], "hedge"], "layer":"barrier_line"},
  {"filter":["==", ["get", "class"], "fence"], "layer":"barrier_line"},
  {"filter":["==", ["get", "class"], "gate"], "layer":"barrier_line"},
  {
    "filter":[
      "all",
      [">=", ["get", "admin_level"], 3],
      ["==", ["get", "maritime"], 0]
    ],
    "layer":"admin"
  },
  {
    "filter":[
      "all",
      [">=", ["get", "admin_level"], 3],
      ["==", ["get", "maritime"], 0]
    ],
    "layer":"admin"
  },
  {"filter":["!=", ["get", "index"], 5], "layer":"contour"},
  {"filter":["==", ["get", "index"], 5], "layer":"contour"},
  {"filter":["==", ["get", "class"], "river"], "layer":"waterway_label"},
  {
    "filter":[
      "all",
      [
        "match",
        ["get", "maki"],
        [
          "rail-light",
          "rail-metro",
          "rail",
          "airport",
          "airfield",
          "heliport",
          "rocket",
          "park",
          "golf",
          "cemetery",
          "zoo",
          "campsite",
          "swimming",
          "dog-park"
        ],
        false,
        true
      ],
      ["==", ["get", "scalerank"], 4],
      [">=", ["get", "localrank"], 15]
    ],
    "layer":"poi_label"
  },
  {
    "filter":[
      "all",
      [
        "match",
        ["get", "maki"],
        [
          "rail-light",
          "rail-metro",
          "rail",
          "airport",
          "airfield",
          "heliport",
          "rocket",
          "park",
          "golf",
          "cemetery",
          "zoo",
          "campsite",
          "swimming",
          "dog-park"
        ],
        false,
        true
      ],
      ["==", ["get", "scalerank"], 4],
      ["<=", ["get", "localrank"], 14]
    ],
    "layer":"poi_label"
  },
  {
    "filter":[
      "all",
      [
        "match",
        ["get", "maki"],
        ["park", "cemetery", "golf", "zoo", "playground"],
        true,
        false
      ],
      ["==", ["get", "scalerank"], 4]
    ],
    "layer":"poi_label"
  },
  {
    "filter":[
      "all",
      [
        "match",
        ["get", "maki"],
        [
          "rail-light",
          "rail-metro",
          "rail",
          "airport",
          "airfield",
          "heliport",
          "rocket",
          "park",
          "golf",
          "cemetery",
          "zoo",
          "campsite",
          "swimming",
          "dog-park"
        ],
        false,
        true
      ],
      ["==", ["get", "scalerank"], 3]
    ],
    "layer":"poi_label"
  },
  {
    "filter":[
      "all",
      [
        "match",
        ["get", "maki"],
        ["park", "cemetery", "golf", "zoo"],
        true,
        false
      ],
      ["==", ["get", "scalerank"], 3]
    ],
    "layer":"poi_label"
  },
  {
    "filter":[
      "all",
      [
        "match",
        ["get", "class"],
        ["motorway", "main", "street_limited", "street"],
        false,
        true
      ],
      ["==", ["geometry-type"], "LineString"]
    ],
    "layer":"road_label"
  },
  {
    "filter":[
      "all",
      ["match", ["get", "class"], ["street", "street_limited"], false, true],
      ["==", ["geometry-type"], "LineString"]
    ],
    "layer":"road_label"
  },
  {
    "filter":["match", ["get", "class"], ["main", "motorway"], true, false],
    "layer":"road_label"
  },
  {
    "filter":[
      "all",
      [
        "match",
        ["get", "shield"],
        ["us-interstate", "us-interstate-business", "us-interstate-duplex"],
        false,
        true
      ],
      ["<=", ["get", "reflen"], 6]
    ],
    "layer":"road_label"
  },
  {
    "filter":[
      "all",
      [
        "match",
        ["get", "shield"],
        ["us-interstate", "us-interstate-business", "us-interstate-duplex"],
        true,
        false
      ],
      ["<=", ["get", "reflen"], 6]
    ],
    "layer":"road_label"
  },
  {
    "filter":[
      "all",
      [
        "match",
        ["get", "maki"],
        [
          "rail-light",
          "rail-metro",
          "rail",
          "airport",
          "airfield",
          "heliport",
          "rocket",
          "park",
          "golf",
          "cemetery",
          "zoo",
          "campsite",
          "swimming",
          "dog-park"
        ],
        false,
        true
      ],
      ["==", ["get", "scalerank"], 2]
    ],
    "layer":"poi_label"
  },
  {
    "filter":[
      "all",
      [
        "match",
        ["get", "maki"],
        ["park", "golf", "cemetery", "zoo", "campsite", "swimming", "dog-park"],
        true,
        false
      ],
      ["==", ["get", "scalerank"], 2]
    ],
    "layer":"poi_label"
  },
  {"filter":["==", ["get", "type"], "Rail Station"], "layer":"poi_label"},
  {"filter":["<=", ["get", "area"], 10000], "layer":"water_label"},
  {
    "filter":[
      "all",
      [
        "match",
        ["get", "maki"],
        ["park", "golf", "cemetery", "zoo", "campsite", "swimming", "dog-park"],
        true,
        false
      ],
      ["<=", ["get", "scalerank"], 1]
    ],
    "layer":"poi_label"
  },
  {
    "filter":[
      "all",
      [
        "match",
        ["get", "maki"],
        [
          "rail-light",
          "rail-metro",
          "rail",
          "airport",
          "airfield",
          "heliport",
          "rocket",
          "park",
          "golf",
          "cemetery",
          "zoo",
          "campsite",
          "swimming",
          "dog-park"
        ],
        false,
        true
      ],
      ["<=", ["get", "scalerank"], 1],
      ["!=", ["get", "type"], "Island"]
    ],
    "layer":"poi_label"
  },
  {"filter":["==", ["get", "type"], "Islet"], "layer":"poi_label"},
  {"filter":["==", ["get", "type"], "Island"], "layer":"poi_label"},
  {
    "filter":[
      "all",
      ["match", ["get", "scalerank"], [0, 1, 2, 3, 4, 5], false, true],
      ["==", ["get", "type"], "city"]
    ],
    "layer":"place_label"
  },
  {
    "filter":[
      "all",
      ["match", ["get", "scalerank"], [3, 4, 5], true, false],
      ["==", ["get", "type"], "city"],
      ["match", ["get", "ldir"], ["S", "SE", "SW", "E"], true, false]
    ],
    "layer":"place_label"
  },
  {
    "filter":[
      "all",
      ["match", ["get", "scalerank"], [3, 4, 5], true, false],
      ["==", ["get", "type"], "city"],
      ["match", ["get", "ldir"], ["N", "NE", "NW", "W"], true, false]
    ],
    "layer":"place_label"
  }
]
